cfg.experiment,cfg.size,cfg.start,cfg.goal,cfg.distractor,cfg.r_int,cfg.distractor_idx,cfg.beta,cfg.lr,cfg.delta_c,cfg.delta_phi,cfg.tau,cfg.gamma,cfg.horizon,cfg.J_opt,cfg.d_grid,cfg.seeds,cfg.n_iters,J_advisor,J_clean,J_deployed_mix,J_mix,d,occ_advisor,occ_clean,occ_deployed_mix,occ_mix,pct_clean,pct_deployed_mix,pct_mix,residual,seed
expB_capacity,10,"[0, 0]","[9, 9]","[9, 0]",0.04,90,0.45,8.0,0.1,0.05,0.3,0.9814814814814815,144,0.727772877289849,"[4, 6, 8, 12, 16, 24, 40, 64, 100]","[0, 1, 2, 3, 4, 5, 6, 7]",10000,2.275887115952587e-06,0.7169755483057655,0.3474966424619374,0.5671858897398917,4,0.020167031872946873,0.00029017993953784406,0.023037454765918907,2.3323547734576948e-08,0.9851638755427495,0.47747951772533626,0.7793446381954126,0.14978965856587378,0
expB_capacity,10,"[0, 0]","[9, 9]","[9, 0]",0.04,90,0.45,8.0,0.1,0.05,0.3,0.9814814814814815,144,0.727772877289849,"[4, 6, 8, 12, 16, 24, 40, 64, 100]","[0, 1, 2, 3, 4, 5, 6, 7]",10000,1.327999309079252e-07,0.7106485663261385,0.3862131924785777,0.6045166371603503,4,0.005314874877243598,1.0556720298870289e-07,0.02215065258986393,2.2176517998966307e-06,0.9764702539788517,0.5306781889382794,0.8306391403476148,0.10613192916578817,1
expB_capacity,10,"[0, 0]","[9, 9]","[9, 0]",0.04,90,0.45,8.0,0.1,0.05,0.3,0.9814814814814815,144,0.727772877289849,"[4, 6, 8, 12, 16, 24, 40, 64, 100]","[0, 1, 2, 3, 4, 5, 6, 7]",10000,8.244651557450273e-09,0.7075510508585053,0.44762358980109207,0.008263632080962612,4,0.004907222605364785,0.002094010207100345,0.04901517750377096,8.056404006119851e-13,0.9722140971965765,0.6150594557301944,0.011354685422924147,0.6992874187775427,2
expB_capacity,10,"[0, 0]","[9, 9]","[9, 0]",0.04,90,0.45,8.0,0.1,0.05,0.3,0.9814814814814815,144,0.727772877289849,"[4, 6, 8, 12, 16, 24, 40, 64, 100]","[0, 1, 2, 3, 4, 5, 6, 7]",10000,7.849028778626865e-12,0.697893950161409,0.2142952223105639,0.6148882766489957,4,0.003645526371941734,8.352410835612871e-12,0.211600956634629,1.0579478112091768e-10,0.9589447091794544,0.29445343320374506,0.8448903440023433,0.08300567351241328,3
expB_capacity,10,"[0, 0]","[9, 9]","[9, 0]",0.04,90,0.45,8.0,0.1,0.05,0.3,0.9814814814814815,144,0.727772877289849,"[4, 6, 8, 12, 16, 24, 40, 64, 100]","[0, 1, 2, 3, 4, 5, 6, 7]",10000,1.0937132014872124e-11,0.7131612153023428,0.2907512543885424,0.5975012746884852,4,0.0007741815941275206,1.516159484163281e-08,0.033379943786212174,5.233622892645064e-11,0.979922772002828,0.39950823046782125,0.8209996460894754,0.11565994061385754,4
expB_capacity,10,"[0, 0]","[9, 9]","[9, 0]",0.04,90,0.45,8.0,0.1,0.05,0.3,0.9814814814814815,144,0.727772877289849,"[4, 6, 8, 12, 16, 24, 40, 64, 100]","[0, 1, 2, 3, 4, 5, 6, 7]",10000,2.4700562915478955e-12,0.7043828966198094,0.22431813080526924,0.010881511083680058,4,3.532118580031128e-07,1.2852523531927403e-06,0.04367428841102301,1.1628121284542226e-12,0.9678608788539338,0.3082254612738617,0.014951795296633864,0.6935013855361293,5
expB_capacity,10,"[0, 0]","[9, 9]","[9, 0]",0.04,90,0.45,8.0,0.1,0.05,0.3,0.9814814814814815,144,0.727772877289849,"[4, 6, 8, 12, 16, 24, 40, 64, 100]","[0, 1, 2, 3, 4, 5, 6, 7]",10000,2.1021566919440098e-08,0.6973326268218449,0.36750917244215175,0.3549812525360557,4,0.003656013487168027,1.0935018508980157e-07,0.014749603254341406,6.612174784113543e-10,0.9581734200079558,0.5049778356823601,0.4877637840227974,0.3423513742857892,6
expB_capacity,10,"[0, 0]","[9, 9]","[9, 0]",0.04,90,0.45,8.0,0.1,0.05,0.3,0.9814814814814815,144,0.727772877289849,"[4, 6, 8, 12, 16, 24, 40, 64, 100]","[0, 1, 2, 3, 4, 5, 6, 7]",10000,5.2018285246519055e-05,0.4496419689688137,0.29926808832885626,0.12972517784110274,4,0.1243670476073673,0.00011921977705624015,0.006286813384365728,8.581003893650135e-06,0.6178328198259242,0.41121082918519813,0.17824953620721057,0.319916791127711,7
expB_capacity,10,"[0, 0]","[9, 9]","[9, 0]",0.04,90,0.45,8.0,0.1,0.05,0.3,0.9814814814814815,144,0.727772877289849,"[4, 6, 8, 12, 16, 24, 40, 64, 100]","[0, 1, 2, 3, 4, 5, 6, 7]",10000,0.016534971360354794,0.7198104347031042,0.4549919462185068,0.7133806071854062,6,0.23703964512861478,1.460131382315947e-07,0.0014809033650872584,9.370553012464255e-09,0.9890591655237331,0.6251839831031486,0.9802242285284963,0.00642982751769805,0
expB_capacity,10,"[0, 0]","[9, 9]","[9, 0]",0.04,90,0.45,8.0,0.1,0.05,0.3,0.9814814814814815,144,0.727772877289849,"[4, 6, 8, 12, 16, 24, 40, 64, 100]","[0, 1, 2, 3, 4, 5, 6, 7]",10000,1.2338082707981607e-06,0.7117137097830563,0.537308864819712,0.6631713860542455,6,0.7575405441250025,0.0002721162289383795,0.02344705296519499,1.3473379188719994e-06,0.9779338197287657,0.7382919611137402,0.9112339944899118,0.04854232372881073,1
expB_capacity,10,"[0, 0]","[9, 9]","[9, 0]",0.04,90,0.45,8.0,0.1,0.05,0.3,0.9814814814814815,144,0.727772877289849,"[4, 6, 8, 12, 16, 24, 40, 64, 100]","[0, 1, 2, 3, 4, 5, 6, 7]",10000,0.00014014201711697415,0.7155194679441427,0.3992603311660572,0.678307613336877,6,0.11899123647951214,1.3662281428795663e-08,0.009859360055258148,1.7342724405801722e-09,0.9831631409632402,0.548605675788388,0.9320320040818565,0.037211854607265726,2
expB_capacity,10,"[0, 0]","[9, 9]","[9, 0]",0.04,90,0.45,8.0,0.1,0.05,0.3,0.9814814814814815,144,0.727772877289849,"[4, 6, 8, 12, 16, 24, 40, 64, 100]","[0, 1, 2, 3, 4, 5, 6, 7]",10000,3.669528698361465e-09,0.689918986755875,0.4336878570509347,0.3210192428817322,6,0.002810946938914543,0.0003829138132722066,0.024334890996658344,1.2888847904945865e-07,0.9479866704088535,0.5959109917175582,0.4410981130228083,0.3688997438741428,3
expB_capacity,10,"[0, 0]","[9, 9]","[9, 0]",0.04,90,0.45,8.0,0.1,0.05,0.3,0.9814814814814815,144,0.727772877289849,"[4, 6, 8, 12, 16, 24, 40, 64, 100]","[0, 1, 2, 3, 4, 5, 6, 7]",10000,5.735773597731417e-08,0.7174716104998804,0.3965371329622754,0.711348030503036,6,0.01623093889485704,5.737473512963864e-11,0.03420316959676234,1.9016165715885428e-11,0.9858454923075323,0.5448638515342021,0.9774313562660133,0.0061235799968444304,4
expB_capacity,10,"[0, 0]","[9, 9]","[9, 0]",0.04,90,0.45,8.0,0.1,0.05,0.3,0.9814814814814815,144,0.727772877289849,"[4, 6, 8, 12, 16, 24, 40, 64, 100]","[0, 1, 2, 3, 4, 5, 6, 7]",10000,1.1191309621394658e-05,0.6711272630371861,0.38807160672628893,0.43640275014580554,6,0.12596232171286711,9.469624420715736e-07,0.013916855974090148,5.359192569920956e-08,0.9221658074650909,0.5332317524272511,0.5996414042948733,0.23472451289138052,5
expB_capacity,10,"[0, 0]","[9, 9]","[9, 0]",0.04,90,0.45,8.0,0.1,0.05,0.3,0.9814814814814815,144,0.727772877289849,"[4, 6, 8, 12, 16, 24, 40, 64, 100]","[0, 1, 2, 3, 4, 5, 6, 7]",10000,3.103237772526124e-06,0.714837065222502,0.4170815049527815,0.5947393271465442,6,0.13833507329257874,2.554436577788918e-06,0.02767786032523291,2.0076740591532315e-06,0.982225482054898,0.5730929496932476,0.8172045781113636,0.1200977380759578,6
expB_capacity,10,"[0, 0]","[9, 9]","[9, 0]",0.04,90,0.45,8.0,0.1,0.05,0.3,0.9814814814814815,144,0.727772877289849,"[4, 6, 8, 12, 16, 24, 40, 64, 100]","[0, 1, 2, 3, 4, 5, 6, 7]",10000,2.5541360435227686e-13,0.6651286294785097,0.2592941726095475,0.06760675290170248,6,6.513113479949386e-06,1.3018156504885669e-05,0.14414107945404742,9.134313980691953e-08,0.913923354708381,0.35628446827413,0.09289540049014061,0.5975218765768072,7
expB_capacity,10,"[0, 0]","[9, 9]","[9, 0]",0.04,90,0.45,8.0,0.1,0.05,0.3,0.9814814814814815,144,0.727772877289849,"[4, 6, 8, 12, 16, 24, 40, 64, 100]","[0, 1, 2, 3, 4, 5, 6, 7]",10000,1.9735445182219264e-13,0.7107108338137278,0.17853066504947965,0.43741161963359426,8,0.001311504741414755,1.6110519240705303e-06,0.3843726669909912,1.0483667472484125e-07,0.9765558129348562,0.24531096255511667,0.6010276465131127,0.27329921418013353,0
expB_capacity,10,"[0, 0]","[9, 9]","[9, 0]",0.04,90,0.45,8.0,0.1,0.05,0.3,0.9814814814814815,144,0.727772877289849,"[4, 6, 8, 12, 16, 24, 40, 64, 100]","[0, 1, 2, 3, 4, 5, 6, 7]",10000,7.446654256489072e-06,0.7172795873025408,0.37678247554712646,0.4287080218963879,8,0.11418250570364981,3.057441572103195e-06,0.03857564882960388,6.911580240282048e-10,0.9855816418627964,0.517719864678422,0.5890684240567639,0.2885715654061529,1
expB_capacity,10,"[0, 0]","[9, 9]","[9, 0]",0.04,90,0.45,8.0,0.1,0.05,0.3,0.9814814814814815,144,0.727772877289849,"[4, 6, 8, 12, 16, 24, 40, 64, 100]","[0, 1, 2, 3, 4, 5, 6, 7]",10000,0.0003670069541189621,0.7158259302686324,0.36593422416642657,0.6791699123427847,8,0.1811014106463169,1.2971084501796801e-07,0.008828676203766013,2.4484810034387752e-09,0.9835842370689799,0.5028137700447532,0.9332168503887411,0.03665601792584772,2
expB_capacity,10,"[0, 0]","[9, 9]","[9, 0]",0.04,90,0.45,8.0,0.1,0.05,0.3,0.9814814814814815,144,0.727772877289849,"[4, 6, 8, 12, 16, 24, 40, 64, 100]","[0, 1, 2, 3, 4, 5, 6, 7]",10000,2.2725020897141295e-08,0.7187026193837076,0.3422964169169747,0.6314414362027709,8,8.259437738767659e-05,6.477248067957398e-05,0.04334981123109558,7.754650177820754e-08,0.9875369662855285,0.47033412153479975,0.8676352965422311,0.08726118318093667,3
expB_capacity,10,"[0, 0]","[9, 9]","[9, 0]",0.04,90,0.45,8.0,0.1,0.05,0.3,0.9814814814814815,144,0.727772877289849,"[4, 6, 8, 12, 16, 24, 40, 64, 100]","[0, 1, 2, 3, 4, 5, 6, 7]",10000,2.1861972214619806e-06,0.7170937355446553,0.3720487777611271,0.004766475436613151,8,0.7116113998664662,1.8711565232985288e-06,0.032947153715960326,1.2574561047951779e-13,0.9853262713156312,0.5112155033127894,0.0065493996621075155,0.7123272601080421,4
expB_capacity,10,"[0, 0]","[9, 9]","[9, 0]",0.04,90,0.45,8.0,0.1,0.05,0.3,0.9814814814814815,144,0.727772877289849,"[4, 6, 8, 12, 16, 24, 40, 64, 100]","[0, 1, 2, 3, 4, 5, 6, 7]",10000,2.3508409966804813e-13,0.7172409185563158,0.26761965485963685,0.5368230320423186,8,0.0034780790465482867,9.61533270873893e-08,0.05649061521347856,6.054715011689272e-10,0.9855285088766249,0.36772413923451613,0.7376244001307003,0.18041788651399715,5
expB_capacity,10,"[0, 0]","[9, 9]","[9, 0]",0.04,90,0.45,8.0,0.1,0.05,0.3,0.9814814814814815,144,0.727772877289849,"[4, 6, 8, 12, 16, 24, 40, 64, 100]","[0, 1, 2, 3, 4, 5, 6, 7]",10000,1.577650823067094e-11,0.710488251790608,0.2720482509243241,0.6453601539956663,8,0.00047120220280179185,1.0080070854292487e-06,0.04646692018529058,6.873512021952357e-13,0.9762499729811214,0.37380927403808134,0.8867603810668526,0.06512809779494177,6
expB_capacity,10,"[0, 0]","[9, 9]","[9, 0]",0.04,90,0.45,8.0,0.1,0.05,0.3,0.9814814814814815,144,0.727772877289849,"[4, 6, 8, 12, 16, 24, 40, 64, 100]","[0, 1, 2, 3, 4, 5, 6, 7]",10000,5.212230772721754e-05,0.6863069903126182,0.3919432799418752,0.588310787698238,8,0.11528649531052496,0.00020910042792167006,0.018010157790337565,5.639105292147251e-07,0.9430235884419801,0.5385516445754773,0.8083714109943841,0.09799620261438025,7
expB_capacity,10,"[0, 0]","[9, 9]","[9, 0]",0.04,90,0.45,8.0,0.1,0.05,0.3,0.9814814814814815,144,0.727772877289849,"[4, 6, 8, 12, 16, 24, 40, 64, 100]","[0, 1, 2, 3, 4, 5, 6, 7]",10000,5.660661741930988e-06,0.7113943643360049,0.39381793634915757,0.6512204711060195,12,0.19020360294028632,7.83323369672218e-07,0.016378768726567423,2.111985550672959e-11,0.9774950215033624,0.5411275256858911,0.8948127794087316,0.06017389322998534,0
expB_capacity,10,"[0, 0]","[9, 9]","[9, 0]",0.04,90,0.45,8.0,0.1,0.05,0.3,0.9814814814814815,144,0.727772877289849,"[4, 6, 8, 12, 16, 24, 40, 64, 100]","[0, 1, 2, 3, 4, 5, 6, 7]",10000,0.009538279566287897,0.7167987138531706,0.4628122370441921,0.6875742571451636,12,0.177548453040323,3.818086347429168e-07,0.0017069892952516048,2.5293446706559207e-08,0.9849208952694899,0.6359294932337367,0.94476488283765,0.029224456708006996,1
expB_capacity,10,"[0, 0]","[9, 9]","[9, 0]",0.04,90,0.45,8.0,0.1,0.05,0.3,0.9814814814814815,144,0.727772877289849,"[4, 6, 8, 12, 16, 24, 40, 64, 100]","[0, 1, 2, 3, 4, 5, 6, 7]",10000,5.0463590434591055e-08,0.7187302310899137,0.47128102604366856,0.6662035788512354,12,0.580419508192027,2.628873159769165e-05,0.057468052050435474,0.002728432659183805,0.9875749062899828,0.6475660755573504,0.9154003943264672,0.05252665223867836,2
expB_capacity,10,"[0, 0]","[9, 9]","[9, 0]",0.04,90,0.45,8.0,0.1,0.05,0.3,0.9814814814814815,144,0.727772877289849,"[4, 6, 8, 12, 16, 24, 40, 64, 100]","[0, 1, 2, 3, 4, 5, 6, 7]",10000,4.812903515346512e-09,0.7182174640804558,0.3994532910264967,0.013179738784621685,12,0.004349237119366552,3.130933661426119e-07,0.021921549109900053,1.0243406376509157e-10,0.9868703361892566,0.5488708132597899,0.018109686683710543,0.7050377252958342,3
expB_capacity,10,"[0, 0]","[9, 9]","[9, 0]",0.04,90,0.45,8.0,0.1,0.05,0.3,0.9814814814814815,144,0.727772877289849,"[4, 6, 8, 12, 16, 24, 40, 64, 100]","[0, 1, 2, 3, 4, 5, 6, 7]",10000,0.0016456397520684825,0.7158402360382583,0.49827334996943506,0.6807174296597873,12,0.23648241771787898,3.560298729490801e-07,0.01137840592185849,1.2044662086332549e-11,0.9836038939840317,0.6846550146591799,0.935343224378887,0.03512280637847098,4
expB_capacity,10,"[0, 0]","[9, 9]","[9, 0]",0.04,90,0.45,8.0,0.1,0.05,0.3,0.9814814814814815,144,0.727772877289849,"[4, 6, 8, 12, 16, 24, 40, 64, 100]","[0, 1, 2, 3, 4, 5, 6, 7]",10000,0.012576654672805571,0.7180808138330615,0.47880229374172867,0.6816900471223316,12,0.10244819141129795,1.5558172740766696e-07,0.0020582959855310473,2.506817767409105e-10,0.9866825712262325,0.657900711448246,0.9366796543186315,0.03639076671072994,5
expB_capacity,10,"[0, 0]","[9, 9]","[9, 0]",0.04,90,0.45,8.0,0.1,0.05,0.3,0.9814814814814815,144,0.727772877289849,"[4, 6, 8, 12, 16, 24, 40, 64, 100]","[0, 1, 2, 3, 4, 5, 6, 7]",10000,0.002399118957588016,0.7189283846259767,0.4730051760863579,0.6992796515748386,12,0.15155480596595064,8.521324427526157e-07,0.003056391604732111,2.7022876208214703e-06,0.9878471801576225,0.6499351526368781,0.9608487392095235,0.019648733051138123,6
expB_capacity,10,"[0, 0]","[9, 9]","[9, 0]",0.04,90,0.45,8.0,0.1,0.05,0.3,0.9814814814814815,144,0.727772877289849,"[4, 6, 8, 12, 16, 24, 40, 64, 100]","[0, 1, 2, 3, 4, 5, 6, 7]",10000,0.012816346008412069,0.7184177780495609,0.5046530164795325,0.7070987942093743,12,0.1272379144413416,2.4949132373585165e-06,0.000984388068643942,4.298723704394462e-09,0.987145578610836,0.6934210276684235,0.9715926716622597,0.011318983840186592,7
expB_capacity,10,"[0, 0]","[9, 9]","[9, 0]",0.04,90,0.45,8.0,0.1,0.05,0.3,0.9814814814814815,144,0.727772877289849,"[4, 6, 8, 12, 16, 24, 40, 64, 100]","[0, 1, 2, 3, 4, 5, 6, 7]",10000,0.008431554881031908,0.7162765750970446,0.4897453873687627,0.7092650813548783,16,0.18929137983604885,1.3469818259870878e-07,0.0028864287652983923,1.4601170671329418e-08,0.9842034478728922,0.6729371245497963,0.9745692694623469,0.007011493742166253,0
expB_capacity,10,"[0, 0]","[9, 9]","[9, 0]",0.04,90,0.45,8.0,0.1,0.05,0.3,0.9814814814814815,144,0.727772877289849,"[4, 6, 8, 12, 16, 24, 40, 64, 100]","[0, 1, 2, 3, 4, 5, 6, 7]",10000,0.004237106213678011,0.7160433165093034,0.4856626968599624,0.6734989016162617,16,0.27671230205782643,1.150943665513338e-06,0.01382331595606267,8.208167001631545e-11,0.983882937731583,0.6673272830234072,0.9254245694402655,0.042544414893041727,1
expB_capacity,10,"[0, 0]","[9, 9]","[9, 0]",0.04,90,0.45,8.0,0.1,0.05,0.3,0.9814814814814815,144,0.727772877289849,"[4, 6, 8, 12, 16, 24, 40, 64, 100]","[0, 1, 2, 3, 4, 5, 6, 7]",10000,1.3628731780823356e-06,0.717320537016386,0.4222650814693803,0.6416559292907908,16,0.1620137088200749,4.895382890524651e-06,0.019744954425087568,4.702001521313469e-08,0.9856379090240538,0.5802154692022212,0.8816705723910064,0.07566460772559513,2
expB_capacity,10,"[0, 0]","[9, 9]","[9, 0]",0.04,90,0.45,8.0,0.1,0.05,0.3,0.9814814814814815,144,0.727772877289849,"[4, 6, 8, 12, 16, 24, 40, 64, 100]","[0, 1, 2, 3, 4, 5, 6, 7]",10000,3.413570391589985e-05,0.715322139640631,0.4351237407179586,0.7037513172763588,16,0.014392132028842868,6.531352960608346e-05,0.013778715303348064,6.197483114377823e-10,0.9828920010105581,0.5978839749267856,0.9669930540652407,0.011570822364272204,3
expB_capacity,10,"[0, 0]","[9, 9]","[9, 0]",0.04,90,0.45,8.0,0.1,0.05,0.3,0.9814814814814815,144,0.727772877289849,"[4, 6, 8, 12, 16, 24, 40, 64, 100]","[0, 1, 2, 3, 4, 5, 6, 7]",10000,7.16020627989155e-05,0.7149169399190647,0.4767824375952602,0.6852363259424503,16,0.4144725304169107,2.4791224020259644e-08,0.013750157095109393,8.4673703716721e-10,0.9823352342853742,0.6551253179024048,0.9415524366533137,0.029680613976614367,4
expB_capacity,10,"[0, 0]","[9, 9]","[9, 0]",0.04,90,0.45,8.0,0.1,0.05,0.3,0.9814814814814815,144,0.727772877289849,"[4, 6, 8, 12, 16, 24, 40, 64, 100]","[0, 1, 2, 3, 4, 5, 6, 7]",10000,0.00016458335939780887,0.7133047992748577,0.42272095555265543,0.7022415505108149,16,0.720088076301199,4.120422005447719e-09,0.013760412834451856,1.0426856907602842e-14,0.9801200642858952,0.5808418652902051,0.9649185514111077,0.011063248764042743,5
expB_capacity,10,"[0, 0]","[9, 9]","[9, 0]",0.04,90,0.45,8.0,0.1,0.05,0.3,0.9814814814814815,144,0.727772877289849,"[4, 6, 8, 12, 16, 24, 40, 64, 100]","[0, 1, 2, 3, 4, 5, 6, 7]",10000,0.0005818538054689726,0.7177737242389642,0.46455523523016323,0.7116607559784677,16,0.3437526415955702,1.4846916289302018e-05,0.03291526627637084,2.926387923768302e-05,0.9862606132175185,0.638324468699794,0.977861058285957,0.006112968260496565,6
expB_capacity,10,"[0, 0]","[9, 9]","[9, 0]",0.04,90,0.45,8.0,0.1,0.05,0.3,0.9814814814814815,144,0.727772877289849,"[4, 6, 8, 12, 16, 24, 40, 64, 100]","[0, 1, 2, 3, 4, 5, 6, 7]",10000,3.7377642227442406e-07,0.7208966244808692,0.392797902217828,0.6758974665405774,16,0.19421505507544418,3.1770256650285757e-05,0.031915123119483184,6.403929669427517e-08,0.9905516500771694,0.5397259426327714,0.9287203296961956,0.044999157940291856,7
expB_capacity,10,"[0, 0]","[9, 9]","[9, 0]",0.04,90,0.45,8.0,0.1,0.05,0.3,0.9814814814814815,144,0.727772877289849,"[4, 6, 8, 12, 16, 24, 40, 64, 100]","[0, 1, 2, 3, 4, 5, 6, 7]",10000,0.0017465066526657995,0.7082877835476501,0.46282282650043916,0.5837663080131879,24,0.35303081783494356,1.605732417027073e-07,0.0038682872679099154,2.9286641251601407e-08,0.9732264084713361,0.6359440437296091,0.802127045716616,0.12452147553446224,0
expB_capacity,10,"[0, 0]","[9, 9]","[9, 0]",0.04,90,0.45,8.0,0.1,0.05,0.3,0.9814814814814815,144,0.727772877289849,"[4, 6, 8, 12, 16, 24, 40, 64, 100]","[0, 1, 2, 3, 4, 5, 6, 7]",10000,0.00016438787846319175,0.713488730785746,0.42468879520689923,0.6742524069024257,24,0.5705704801655387,1.6538522496721925e-06,0.013861303800640575,1.8366168832165563e-09,0.9803727963079696,0.5835457853120282,0.9264599271867234,0.03923632388332032,1
expB_capacity,10,"[0, 0]","[9, 9]","[9, 0]",0.04,90,0.45,8.0,0.1,0.05,0.3,0.9814814814814815,144,0.727772877289849,"[4, 6, 8, 12, 16, 24, 40, 64, 100]","[0, 1, 2, 3, 4, 5, 6, 7]",10000,1.9056561106255896e-06,0.7190690317000388,0.3951824801006825,0.6729064173373461,24,0.30023390075167483,1.4846874199786514e-06,0.04210050930490619,3.121362221044218e-07,0.9880404369805283,0.5430024839236951,0.9246104634225724,0.046162614362692644,2
expB_capacity,10,"[0, 0]","[9, 9]","[9, 0]",0.04,90,0.45,8.0,0.1,0.05,0.3,0.9814814814814815,144,0.727772877289849,"[4, 6, 8, 12, 16, 24, 40, 64, 100]","[0, 1, 2, 3, 4, 5, 6, 7]",10000,4.257494224315874e-05,0.7138350499910178,0.46614679207009463,0.6648787945856371,24,0.7139365683933284,1.0484648077867101e-05,0.026984623429964355,1.5800502395569528e-07,0.9808486579621732,0.6405113554189834,0.913580067811234,0.04895625540538062,3
expB_capacity,10,"[0, 0]","[9, 9]","[9, 0]",0.04,90,0.45,8.0,0.1,0.05,0.3,0.9814814814814815,144,0.727772877289849,"[4, 6, 8, 12, 16, 24, 40, 64, 100]","[0, 1, 2, 3, 4, 5, 6, 7]",10000,1.214715272090858e-07,0.7176060425610349,0.4005138447540689,0.6715023736198459,24,0.6680912056069206,6.492158147548875e-07,0.03347961368445767,1.326804628172777e-07,0.9860302093605434,0.5503280724689015,0.9226812300568982,0.046103668941189,4
expB_capacity,10,"[0, 0]","[9, 9]","[9, 0]",0.04,90,0.45,8.0,0.1,0.05,0.3,0.9814814814814815,144,0.727772877289849,"[4, 6, 8, 12, 16, 24, 40, 64, 100]","[0, 1, 2, 3, 4, 5, 6, 7]",10000,7.884808048921447e-05,0.714216709031787,0.41944890000235757,0.6965680921195656,24,0.47177542684973595,1.0475739282012796e-07,0.017550873138716023,3.8093002677788594e-07,0.9813730784959399,0.5763458808252678,0.957122907236545,0.017648616912221415,5
expB_capacity,10,"[0, 0]","[9, 9]","[9, 0]",0.04,90,0.45,8.0,0.1,0.05,0.3,0.9814814814814815,144,0.727772877289849,"[4, 6, 8, 12, 16, 24, 40, 64, 100]","[0, 1, 2, 3, 4, 5, 6, 7]",10000,2.06707607898873e-05,0.7189197180100861,0.4678252410444298,0.7032980469018704,24,0.13576159353897374,1.796386742468632e-05,0.036644378438591405,1.933026146483629e-06,0.9878352717502594,0.6428176367145787,0.9663702356164737,0.015621671108215773,6
expB_capacity,10,"[0, 0]","[9, 9]","[9, 0]",0.04,90,0.45,8.0,0.1,0.05,0.3,0.9814814814814815,144,0.727772877289849,"[4, 6, 8, 12, 16, 24, 40, 64, 100]","[0, 1, 2, 3, 4, 5, 6, 7]",10000,4.7192786564681645e-05,0.7186441603268086,0.45795338497679744,0.7098084782126499,24,0.6817553227338581,2.405397129597128e-06,0.012047105028828983,1.4552100335778558e-08,0.9874566403229607,0.6292531629952582,0.9753159266609431,0.008835682114158638,7
expB_capacity,10,"[0, 0]","[9, 9]","[9, 0]",0.04,90,0.45,8.0,0.1,0.05,0.3,0.9814814814814815,144,0.727772877289849,"[4, 6, 8, 12, 16, 24, 40, 64, 100]","[0, 1, 2, 3, 4, 5, 6, 7]",10000,0.0004859040904171757,0.718043542880244,0.464376614309052,0.709069433062582,40,0.508298234418268,7.623748599077108e-06,0.033365083801499,3.242484444451897e-06,0.9866313588851565,0.6380790337204412,0.9743004379375655,0.008974109817662002,0
expB_capacity,10,"[0, 0]","[9, 9]","[9, 0]",0.04,90,0.45,8.0,0.1,0.05,0.3,0.9814814814814815,144,0.727772877289849,"[4, 6, 8, 12, 16, 24, 40, 64, 100]","[0, 1, 2, 3, 4, 5, 6, 7]",10000,0.00015792349588391572,0.71611646752591,0.47777424387909045,0.7024232601118374,40,0.6505950974203658,1.6109456811491066e-07,0.010756891206013041,1.8511928283659898e-11,0.9839834512556359,0.6564881143390124,0.9651682304067021,0.013693207414072539,1
expB_capacity,10,"[0, 0]","[9, 9]","[9, 0]",0.04,90,0.45,8.0,0.1,0.05,0.3,0.9814814814814815,144,0.727772877289849,"[4, 6, 8, 12, 16, 24, 40, 64, 100]","[0, 1, 2, 3, 4, 5, 6, 7]",10000,0.002505837528202753,0.7152644358076752,0.46671166805733655,0.6939549171609077,40,0.34916351312966637,4.6666367617438704e-06,0.004609664945765488,9.012663064266214e-09,0.9828127127672662,0.6412875261239779,0.9535322609783483,0.021309518646767445,2
expB_capacity,10,"[0, 0]","[9, 9]","[9, 0]",0.04,90,0.45,8.0,0.1,0.05,0.3,0.9814814814814815,144,0.727772877289849,"[4, 6, 8, 12, 16, 24, 40, 64, 100]","[0, 1, 2, 3, 4, 5, 6, 7]",10000,0.00023845406060012995,0.7176067370696942,0.4640651607350142,0.7046965882951325,40,0.4791857497293314,1.673220658777526e-05,0.020323585392606418,1.4840303418498386e-09,0.9860311636536767,0.6376510793630356,0.9682919084857212,0.012910148774561758,3
expB_capacity,10,"[0, 0]","[9, 9]","[9, 0]",0.04,90,0.45,8.0,0.1,0.05,0.3,0.9814814814814815,144,0.727772877289849,"[4, 6, 8, 12, 16, 24, 40, 64, 100]","[0, 1, 2, 3, 4, 5, 6, 7]",10000,0.00010388787460657757,0.7166540755626641,0.47541418918520584,0.601774164525326,40,0.7948455134121847,2.083088047242363e-05,0.050950981556735254,4.3398590390291275e-05,0.9847221542954581,0.6532452692598262,0.8268708319637725,0.11487991103733819,4
expB_capacity,10,"[0, 0]","[9, 9]","[9, 0]",0.04,90,0.45,8.0,0.1,0.05,0.3,0.9814814814814815,144,0.727772877289849,"[4, 6, 8, 12, 16, 24, 40, 64, 100]","[0, 1, 2, 3, 4, 5, 6, 7]",10000,4.161242797770975e-05,0.7151368288301871,0.4886600456888046,0.6881503850617122,40,0.7645596517581715,3.352285111156008e-06,0.034226713453815075,1.6758247910644658e-05,0.9826373737549589,0.6714458053294377,0.9455565143129725,0.02698644376847492,5
expB_capacity,10,"[0, 0]","[9, 9]","[9, 0]",0.04,90,0.45,8.0,0.1,0.05,0.3,0.9814814814814815,144,0.727772877289849,"[4, 6, 8, 12, 16, 24, 40, 64, 100]","[0, 1, 2, 3, 4, 5, 6, 7]",10000,3.1216787580362178e-06,0.7181982949849277,0.44735541534410694,0.6858162569804565,40,0.6561157488188949,3.1718462658795695e-06,0.014602460290061943,1.6896068945074212e-10,0.9868439967966709,0.6146909692622956,0.9423492938268947,0.03238203800447126,6
expB_capacity,10,"[0, 0]","[9, 9]","[9, 0]",0.04,90,0.45,8.0,0.1,0.05,0.3,0.9814814814814815,144,0.727772877289849,"[4, 6, 8, 12, 16, 24, 40, 64, 100]","[0, 1, 2, 3, 4, 5, 6, 7]",10000,1.367427206849701e-06,0.715467488803799,0.4442361164222172,0.7042083834469114,40,0.5138260003698608,1.0333354990632846e-05,0.04468801354960072,3.660699043142595e-05,0.9830917187627629,0.6104048808146116,0.9676210881467727,0.011259105356887567,7
expB_capacity,10,"[0, 0]","[9, 9]","[9, 0]",0.04,90,0.45,8.0,0.1,0.05,0.3,0.9814814814814815,144,0.727772877289849,"[4, 6, 8, 12, 16, 24, 40, 64, 100]","[0, 1, 2, 3, 4, 5, 6, 7]",10000,2.3872472842643706e-05,0.7179871453692377,0.4534547486697576,0.7087112546234844,64,0.4588877102151189,8.762996681256462e-07,0.017156269216185144,1.6483882402285334e-10,0.9865538656001411,0.6230717890427248,0.9738082810431902,0.009275890745753301,0
expB_capacity,10,"[0, 0]","[9, 9]","[9, 0]",0.04,90,0.45,8.0,0.1,0.05,0.3,0.9814814814814815,144,0.727772877289849,"[4, 6, 8, 12, 16, 24, 40, 64, 100]","[0, 1, 2, 3, 4, 5, 6, 7]",10000,4.7235224230019885e-05,0.7147498928976945,0.48562558386508375,0.7089279914318284,64,0.594716712718742,5.4854053733225335e-05,0.009640461478599718,9.181710712395675e-09,0.9821057024814518,0.6672762877252355,0.9741060893500222,0.005821901465866142,1
expB_capacity,10,"[0, 0]","[9, 9]","[9, 0]",0.04,90,0.45,8.0,0.1,0.05,0.3,0.9814814814814815,144,0.727772877289849,"[4, 6, 8, 12, 16, 24, 40, 64, 100]","[0, 1, 2, 3, 4, 5, 6, 7]",10000,1.0835102434851295e-05,0.7156072561680398,0.4392643419771897,0.6838316818907881,64,0.6266592791356969,2.0846908035677865e-05,0.013758580669072313,8.359087577094442e-11,0.983283766815943,0.6035733890124688,0.9396223783954504,0.03177557427725164,2
expB_capacity,10,"[0, 0]","[9, 9]","[9, 0]",0.04,90,0.45,8.0,0.1,0.05,0.3,0.9814814814814815,144,0.727772877289849,"[4, 6, 8, 12, 16, 24, 40, 64, 100]","[0, 1, 2, 3, 4, 5, 6, 7]",10000,5.5169625630743677e-05,0.7194831082377604,0.4669738152886404,0.7091327527206608,64,0.7053477031168556,5.84674982854799e-07,0.011813976557352843,3.9548521907284926e-11,0.9886094009398113,0.6416477308519695,0.9743874426337485,0.010350355517099619,3
expB_capacity,10,"[0, 0]","[9, 9]","[9, 0]",0.04,90,0.45,8.0,0.1,0.05,0.3,0.9814814814814815,144,0.727772877289849,"[4, 6, 8, 12, 16, 24, 40, 64, 100]","[0, 1, 2, 3, 4, 5, 6, 7]",10000,0.00018630262141889896,0.7166462419979854,0.49104573843557736,0.70908359471729,64,0.48721675831406236,2.248926858868628e-07,0.006183224241249796,6.330016841752428e-10,0.9847113905463227,0.6747238785047623,0.9743198968307861,0.007562647280695445,4
expB_capacity,10,"[0, 0]","[9, 9]","[9, 0]",0.04,90,0.45,8.0,0.1,0.05,0.3,0.9814814814814815,144,0.727772877289849,"[4, 6, 8, 12, 16, 24, 40, 64, 100]","[0, 1, 2, 3, 4, 5, 6, 7]",10000,5.188546336191019e-06,0.712762394466213,0.46196956486049373,0.6971568839587401,64,0.7584713574193757,1.5164681176546233e-06,0.016367236562930713,1.9075026202489353e-08,0.9793747702174154,0.6347716152610973,0.9579319396387515,0.015605510507472942,5
expB_capacity,10,"[0, 0]","[9, 9]","[9, 0]",0.04,90,0.45,8.0,0.1,0.05,0.3,0.9814814814814815,144,0.727772877289849,"[4, 6, 8, 12, 16, 24, 40, 64, 100]","[0, 1, 2, 3, 4, 5, 6, 7]",10000,0.00023617127050347148,0.7178331491649486,0.4705496070290039,0.7010340747907761,64,0.6651839403603739,5.395000590988841e-07,0.016272351882088525,2.4570830090096186e-08,0.9863422663373841,0.6465610655638638,0.9632594132957449,0.016799074374172496,6
expB_capacity,10,"[0, 0]","[9, 9]","[9, 0]",0.04,90,0.45,8.0,0.1,0.05,0.3,0.9814814814814815,144,0.727772877289849,"[4, 6, 8, 12, 16, 24, 40, 64, 100]","[0, 1, 2, 3, 4, 5, 6, 7]",10000,0.0004414860840839449,0.7165458247445722,0.48428462399213007,0.6768239175756784,64,0.6348364708842976,9.55038350797166e-06,0.03580930297350549,7.921287199825855e-05,0.9845734117117896,0.6654337350349686,0.9299933244229996,0.03972190716889379,7
expB_capacity,10,"[0, 0]","[9, 9]","[9, 0]",0.04,90,0.45,8.0,0.1,0.05,0.3,0.9814814814814815,144,0.727772877289849,"[4, 6, 8, 12, 16, 24, 40, 64, 100]","[0, 1, 2, 3, 4, 5, 6, 7]",10000,0.00018424705819761747,0.7176031371233437,0.5186140786772779,0.7056930205077176,100,0.7677214525192401,1.004524176356413e-05,0.022319667233876656,1.0827213867787766e-08,0.9860262171292006,0.712604295736526,0.9696610612031127,0.01191011661562602,0
expB_capacity,10,"[0, 0]","[9, 9]","[9, 0]",0.04,90,0.45,8.0,0.1,0.05,0.3,0.9814814814814815,144,0.727772877289849,"[4, 6, 8, 12, 16, 24, 40, 64, 100]","[0, 1, 2, 3, 4, 5, 6, 7]",10000,3.759282410973941e-05,0.7155824246400001,0.48719374064156673,0.6998770508362094,100,0.7425197268871523,7.425566811454797e-06,0.018663273062415532,5.260795957655503e-09,0.9832496469293486,0.6694310214689861,0.9616695986836983,0.015705373803790668,1
expB_capacity,10,"[0, 0]","[9, 9]","[9, 0]",0.04,90,0.45,8.0,0.1,0.05,0.3,0.9814814814814815,144,0.727772877289849,"[4, 6, 8, 12, 16, 24, 40, 64, 100]","[0, 1, 2, 3, 4, 5, 6, 7]",10000,9.659537515337434e-06,0.7178980623298903,0.4931990981476836,0.6954939808801209,100,0.8005675703107458,1.4531955762941474e-05,0.010763097347602892,2.3615567998831716e-11,0.9864314605997252,0.6776827132996576,0.9556470192597294,0.022404081449769353,2
expB_capacity,10,"[0, 0]","[9, 9]","[9, 0]",0.04,90,0.45,8.0,0.1,0.05,0.3,0.9814814814814815,144,0.727772877289849,"[4, 6, 8, 12, 16, 24, 40, 64, 100]","[0, 1, 2, 3, 4, 5, 6, 7]",10000,0.0003566019654257829,0.7161886685970404,0.4943253899652654,0.7004661379922814,100,0.7187997891359871,7.220999394068935e-06,0.01174285252125582,1.285381117124556e-09,0.9840826595023067,0.6792303002635687,0.9624790368675802,0.015722530604759033,3
expB_capacity,10,"[0, 0]","[9, 9]","[9, 0]",0.04,90,0.45,8.0,0.1,0.05,0.3,0.9814814814814815,144,0.727772877289849,"[4, 6, 8, 12, 16, 24, 40, 64, 100]","[0, 1, 2, 3, 4, 5, 6, 7]",10000,2.65981464390165e-05,0.7150835035586641,0.49904032528668446,0.7031500446210192,100,0.7910182948701358,1.117663092000499e-05,0.022489199910650848,4.947933376444077e-08,0.9825641018961317,0.6857088809699244,0.9661668723345082,0.01193345893764497,4
expB_capacity,10,"[0, 0]","[9, 9]","[9, 0]",0.04,90,0.45,8.0,0.1,0.05,0.3,0.9814814814814815,144,0.727772877289849,"[4, 6, 8, 12, 16, 24, 40, 64, 100]","[0, 1, 2, 3, 4, 5, 6, 7]",10000,0.0003996214021896373,0.7155028135721141,0.5052110714342395,0.6993515736131396,100,0.7571636230202428,8.327155455721985e-07,0.013527299078550223,2.893215104937839e-10,0.9831402569391878,0.6941878258991917,0.9609475640497247,0.016151239958974495,5
expB_capacity,10,"[0, 0]","[9, 9]","[9, 0]",0.04,90,0.45,8.0,0.1,0.05,0.3,0.9814814814814815,144,0.727772877289849,"[4, 6, 8, 12, 16, 24, 40, 64, 100]","[0, 1, 2, 3, 4, 5, 6, 7]",10000,1.9260985357958237e-05,0.7168280590570066,0.4950751120307959,0.6862955689558897,100,0.8082058171292371,2.248129086418564e-06,0.014035297636966138,5.862090495955617e-11,0.9849612171951232,0.6802604596565958,0.943007894869047,0.030532490101116916,6
expB_capacity,10,"[0, 0]","[9, 9]","[9, 0]",0.04,90,0.45,8.0,0.1,0.05,0.3,0.9814814814814815,144,0.727772877289849,"[4, 6, 8, 12, 16, 24, 40, 64, 100]","[0, 1, 2, 3, 4, 5, 6, 7]",10000,0.001027109895229363,0.7177259141457685,0.4897285694083643,0.6929777280574569,100,0.594212787564458,1.5476935720121852e-06,0.0050151400303499296,4.268096223929815e-08,0.9861949195173441,0.6729140157463176,0.9521895493523123,0.02474818608831153,7
